PDB,CDR3,epitope,MHC
8gom,CASTWGRASTDTQYF,RLQSLQTYV,HLA-A*02:01
7n1e,CASSLGGAGGADTQYF,RLQSLQTYV,HLA-A*02:01
8gon,CASTWGRASTDTQYF,RLQSLQIYV,HLA-A*02:01
7q99,CAWSETGLGTGELFF,NLSALGIFST,HLA-A*02:01
7q9a,CAWSETGLGTGELFF,LLLGIGILVL,HLA-A*02:01
6eqa,CAWSETGLGTGELFF,AAGIGILTV,HLA-A*02:01
3qdj,CASSLSFGTEAFF,AAGIGILTV,HLA-A*02:01
6d78,CASSWSFGTEAFF,AAGIGILTV,HLA-A*02:01
3qeq,CAISEVGVGQPQHF,AAGIGILTV,HLA-A*02:01
6eqb,CAWSETGLGMGGWQF,AAGIGILTV,HLA-A*02:01
4qok,CAWSETGLGTGELFF,EAAGIGILTV,HLA-A*02:01
6tmo,CAWSETGLGMGGWQF,EAAGIGILTV,HLA-A*02:01
3hg1,CAWSETGLGTGELFF,ELAGIGILTV,HLA-A*02:01
3qdg,CASSLSFGTEAFF,ELAGIGILTV,HLA-A*02:01
6dkp,CASSWSFGTEAFF,ELAGIGILTV,HLA-A*02:01
3qdm,CAISEVGVGQPQHF,ELAGIGILTV,HLA-A*02:01
4jff,CAWSETGLGMGGWQF,ELAGIGILTV,HLA-A*02:01
5nht,CASSQGLAGAGELFF,ELAGIGILTV,HLA-A*02:01
5e9d,CASRPGWMAGGVELYF,ELAGIGILTV,HLA-A*02:01
6am5,CASSLSFGTEAFF,SMLGIGIVPV,HLA-A*02:01
6amu,CASSLSFGTEAFF,MMWDRGLGMM,HLA-A*02:75
4jfd,CAWSETGLGMGGWQF,ELAAIGILTV,HLA-A*02:01
4jfe,CAWSETGLGMGGWQF,ELAGIGALTV,HLA-A*02:01
2ak4,CASPGLAGEYEQYF,LPEPLPQGQLTAY,HLA-B*35:08
4jrx,CASPGETEAFF,LPEPLPQGQLTAY,HLA-B*35:08
4jry,CASSRTGSTYEQYF,LPEPLPQGQLTAY,HLA-B*35:08
7nme,CASSLHHEQYF,QLPRLFPLL,HLA-A*24:02
7nmg,CASSLHHEQYF,LWMRLLPLL,HLA-A*24:02
7pbe,CASSSANSGELFF,YLQPRTFLL,HLA-A*02:01
7rtr,CASSPDIEQYF,YLQPRTFLL,HLA-A*02:01
7n6e,CAGQVTNTGELFF,YLQPRTFLL,HLA-A*02:01
5wkh,CASSLGQGLLYGYTF,GTSGSPIINR,HLA-A*11:01
5wkf,CASSLGQGLLYGYTF,GTSGSPIVNR,HLA-A*11:01
3w0w,CASSGASHEQYF,RFPLTFGWCF,HLA-A*24:02
3vxm,CASSPTSGIYEQYF,RFPLTFGWCF,HLA-A*24:02
5w1v,CASSANPGDSSNEKLFF,VMAPRTLIL,HLA-E*01:01
2esv,CASSQDRDTQYF,VMAPRTLIL,HLA-E*01:01
5w1w,CASSANPGDSSNEKLFF,VMAPRTLVL,HLA-E*01:01
2nx5,CATGTGDSNQPQHF,EPLPQGQLTAY,HLA-B*35:01
2p5e,CASSYLGNTGELFF,SLLMWITQC,HLA-A*02:01
2f53,CASSYVGNTGELFF,SLLMWITQC,HLA-A*02:01
2bnq,CASSYVGNTGELFF,SLLMWITQV,HLA-A*02:01
6rpb,CASSYLNRDSALDF,SLLMWITQV,HLA-A*02:01
6rp9,CASSSPGGVSTEAFF,SLLMWITQV,HLA-A*02:01
6rpa,CSVGGSGGADTQYF,SLLMWITQV,HLA-A*02:01
5jzi,CASRRGPYEQYF,KLVALGINAV,HLA-A*02:01
5yxu,CASRRGSAELYF,KLVALGINAV,HLA-A*02:01
3mv8,CASSARSGELFF,HPVGEADYFEY,HLA-B*35:01
4pri,CASSARSGELFF,HPVGEADYFEY,HLA-B*35:08
4prh,CASSARSGELFF,HPVGDADYFEY,HLA-B*35:08
4prp,CASSARSGELFF,HPVGQADYFEY,HLA-B*35:01
3kpr,CASSLGQAYEQYF,EEYLKAWTF,HLA-B*44:05
3kps,CASSLGQAYEQYF,EEYLQAFTY,HLA-B*44:05
1mi5,CASSLGQAYEQYF,FLRGRAYGL,HLA-B*08:01
3sjv,CASGQGNFDIQYF,FLRGRAYGL,HLA-B*08:01
3ffc,CASSFTWTSGGATDTQYF,FLRGRAYGL,HLA-B*08:01
5hyj,CASSLWEKLAKNIQYF,AQWGPDPAAA,HLA-A*02:01
3uts,CASSLWEKLAKNIQYF,ALWGPDPAAA,HLA-A*02:01
5c07,CASSLWEKLAKNIQYF,YQFGPDFPIA,HLA-A*02:01
5c09,CASSLWEKLAKNIQYF,YLGGPDFPTI,HLA-A*02:01
5c0a,CASSLWEKLAKNIQYF,MVWGPDPLYV,HLA-A*02:01
5c08,CASSLWEKLAKNIQYF,RQWGPDPAAV,HLA-A*02:01
5c0b,CASSLWEKLAKNIQYF,RQFGPDFPTI,HLA-A*02:01
5c0c,CASSLWEKLAKNIQYF,RQFGPDWIVA,HLA-A*02:01
6uon,CASSDPGTEAFF,GADGVGKSAL,HLA-C*08:02
5xov,CAWSVSVGAGVPTIYF,RYPLTFGWCF,HLA-A*24:02
3vxr,CASSSWDTGELFF,RYPLTFGWCF,HLA-A*24:02
3vxs,CASSSWDTGELFF,RYPLTLGWCF,HLA-A*24:02
6avg,CASSGGHTGSNEQFF,APRGPHGGAASGL,HLA-B*07:02
6avf,CASSQRQEGDTQYF,APRGPHGGAASGL,HLA-B*07:02
7rm4,CASSLDPGDTGELFF,HMTEVVRHC,HLA-A*02:01
6vqo,CASSIQQGADTQYF,HMTEVVRHC,HLA-A*02:01
6vrm,CASSEGLWQVGDEQYF,HMTEVVRHC,HLA-A*02:01
6vrn,CAISELVTGDSPLHF,HMTEVVRHC,HLA-A*02:01
3pwp,CASRPGLAGGRPEQYF,LGYGFVNYI,HLA-A*02:01
3qfj,CASRPGLAGGRPEQYF,LLFGFPVYV,HLA-A*02:01
1qrn,CASRPGLAGGRPEQYF,LLFGYAVYV,HLA-A*02:01
1qse,CASRPGLAGGRPEQYF,LLFGYPRYV,HLA-A*02:01
1qsf,CASRPGLAGGRPEQYF,LLFGYPVAV,HLA-A*02:01
2gj6,CASRPGLAGGRPEQYF,LLFGKPVYV,HLA-A*02:01
3h9s,CASRPGLAGGRPEQYF,MLWGYLQYV,HLA-A*02:01
1ao7,CASRPGLAGGRPEQYF,LLFGYPVYV,HLA-A*02:01
4ftv,CASRPGLMSAQPEQYF,LLFGYPVYV,HLA-A*02:01
1bd2,CASSYPGGGFYEQYF,LLFGYPVYV,HLA-A*02:01
3dxa,CASRYRDDSYNEQFF,EENLLDFVRF,HLA-B*44:05
4mji,CASSLTGGGELFF,TAFTIPSI,HLA-B*51:01
6vmx,CASSQDLFTGGYTF,RPPIFIRRL,HLA-B*07:02
6bj2,CASSFRGGKTQYF,IPLTEEAEL,HLA-B*35:01
6bj3,CASRTRGGTLIEQYF,IPLTEEAEL,HLA-B*35:01
6bj8,CASRTRGGTLIEQYF,VPLTEDAEL,HLA-B*35:01
6zkz,CASSYSIRGSRGEQFF,RLPAKAPL,HLA-E*01:03
6zkx,CASSYSIRGSRGEQFF,RLPAKAPLLGCG,HLA-E*01:03
6zkw,CASSYSIRGSRGEQFF,RLPAKAPLL,HLA-E*01:03
4qrp,CASSLRGRGDQPQHF,HSKKKCDEL,HLA-B*08:01
5d2n,CASSLAPGTTNEKLFF,NLVPMVATV,HLA-A*02:01
5d2l,CASSQTQLWETQYF,NLVPMVATV,HLA-A*02:01
3gsn,CASSPVTGGIYGYTF,NLVPMVATV,HLA-A*02:01
6mtm,CASSMSAMGTEAFF,FEDLRVLSF,HLA-B*37:01
5bs0,CASSFNMATGQYF,ESDPIVAQY,HLA-A*01:01
5brz,CASSFNMATGQYF,EVDPIGHLY,HLA-A*01:01
5e6i,CASSLIYPGELFF,GILGFVFTL,HLA-A*02:01
5euo,CASSIRSSYEQYF,GILGFVFTL,HLA-A*02:01
1oga,CASSSRSSYEQYF,GILGFVFTL,HLA-A*02:01
2vlr,CASSSRASYEQYF,GILGFVFTL,HLA-A*02:01
5jhd,CASSIGVYGYTF,GILGFVFTL,HLA-A*02:01
5isz,CASSIFGQREQYF,GILGFVFTL,HLA-A*02:01
5tez,CASSLLGGWSEAFF,GILGFVFTL,HLA-A*02:01
5hho,CASSIRSSYEQYF,GILEFVFTL,HLA-A*02:01
5hhm,CASSSRSSYEQYF,GILGLVFTL,HLA-A*02:01
7ow5,CASKVGPGQHNSPLHF,VVVGAGGVGK,HLA-A*11:01
7ow6,CASKVGPGQHNSPLHF,VVVGADGVGK,HLA-A*11:01
7pb2,CASSYGPGQHNSPLHF,VVVGADGVGK,HLA-A*11:01
7n2n,CASSVGLFSTDTQYF,TRLALIAPK,HLA-B*27:05
7n2r,CASSVATYSTDTQYF,TRLALIAPK,HLA-B*27:05
7n2s,CASSVGLYSTDTQYF,TRLALIAPK,HLA-B*27:05
7n2o,CASSVGLFSTDTQYF,LRVMMLAPF,HLA-B*27:05
7n2q,CASSVATYSTDTQYF,LRVMMLAPF,HLA-B*27:05
8cx4,CASSVGTYSTDTQYF,LRVMMLAPF,HLA-B*27:05
7n2p,CASSVATYSTDTQYF,GQVMVVAPR,HLA-B*27:05
8gvb,CASSDRDRVPETQYF,RYPLTFGW,HLA-A*24:02
8gvi,CASSLRDRVPETQYF,RYPLTFGW,HLA-A*24:02
8gvg,CASSDRDRVPETQYF,RFPLTFGW,HLA-A*24:02
5nmg,CASSDTVSYEQYF,SLFNTIAVL,HLA-A*02:01
5nme,CASSDTVSYEQYF,SLYNTVATL,HLA-A*02:01
5nmf,CASSDTVSYEQYF,SLYNTIATL,HLA-A*02:01
2ypl,CASTGSYGYTF,KAFSPEVIPMF,HLA-B*57:06
7qpj,CASSFATEAFF,GLYDGMEHL,HLA-A*02:01
7rk7,CAISPTEEGGLIFPGNTIYF,YMDGTMSQV,HLA-A*02:01
6r2l,CASSPLDVSISSYNEQFF,SLSKILDTV,HLA-A*02:01
7dzm,CASSLGIDAIYF,TPQDLNTML,HLA-B*81:01
7dzn,CASSLGIDAIYF,TPQDLNTML,HLA-B*42:01
4mnq,CASSYQGTEAFF,ILAKFLHWL,HLA-A*02:01
4eup,CASSFLGTGVEQYF,ALGIGILTV,HLA-A*02:01
6rsy,CASSLGFGRDVMRF,RMFPNAPYL,HLA-A*02:01
4qrr,CASSLEGGYYNEQFF,IPSINVHHY,HLA-B*35:01
3o4l,CSARDGTGNGYTF,GLCTLVAML,HLA-A*02:01
5eu6,CASSFIGGTDTQYF,YLEPGPVTV,HLA-A*02:01
7phr,CASSWGAPYEQYF,YLEPGPVTV,HLA-A*02:01
4g9f,CASREGLGGTEAFF,KRWIIMGLNK,HLA-B*27:05
4g8g,CASREGLGGTEAFF,KRWIILGLNK,HLA-B*27:05
6tro,CASSFLMTSGDPYEQYF,GVYDGREHTV,HLA-A*02:01
7r80,CASSYGTGINYGYTF,QASQEVKNW,HLA-B*53:01
